program_name,state,city,incentive_type,property_type,description,eligibility_criteria,incentive_amount,valid_until,updated_at,review_needed,program_links,extraction_source
High Efficiency Electric Home Rebate Act (HEEHRA),USA,Federal,Rebates,HOUSEHOLDS (LOW- AND MODERATE-INCOME); RESIDENTIAL,Direct rebate program providing funds for low- and moderate-income households to install efficient electric appliances and related electrical/insulation upgrades.,"Income-qualified | Eligible projects: electric clothes dryer, electric stove, heat pump for space heating, heat pump water heater, install new efficient electric appliances, insulation, ventilation, and sealing, upgraded breaker box, upgraded electrical wiring [needs review: expiry unknown]","$4.5 billion in direct rebates for low- and moderate-income households. Examples: rebate covering full cost of heat pump installation for space heating up to $8,000; up to $1,750 for a heat pump water heater; $840 for an electric stove; $840 for an electric clothes dryer; up to $4,000 for upgraded breaker box; $2,500 for upgraded electrical wiring; $1,600 for insulation, ventilation, and sealing. For moderate-income households same rebates available to cover 50% of costs.",Unknown,2026-05-11,Yes,https://www.rewiringamerica.org/policy/inflation-reduction-act,llm
"Home Energy Performance-Based, Whole-House Rebates",USA,Federal,Rebates,RESIDENTIAL,"Funding for performance-based, whole-house efficiency and electrification rebates.",Eligible projects: whole-house efficiency and electrification retrofits [needs review: expiry unknown],"$4.5 billion in efficiency and electrification rebates under the Home Energy Performance-Based, Whole-House Rebates.",Unknown,2026-05-11,Yes,https://www.rewiringamerica.org/policy/inflation-reduction-act,llm
Energy Efficient Home Improvement Credit (Section 25C),USA,Federal,Tax Credits,RESIDENTIAL,"Tax deduction/credit allowing households to deduct a portion of costs for home efficiency and electrification upgrades, including equipment and installation/labor costs.","Eligible projects: heat pump water heaters, heat pumps (space heating and cooling), insulation, other home efficiency upgrades (eligible measures), upgrading breaker boxes [needs review: expiry unknown]","30% (up to $2,000)",Unknown,2026-05-11,Yes,https://www.rewiringamerica.org/policy/inflation-reduction-act,llm
New Energy Efficient Home Credit (Section 45L),USA,Federal,Tax Credits,EXISTING HOMES UNDERGOING DEEP RETROFIT; MANUFACTURED HOMES; MULTIFAMILY HOMES; NEW SINGLE-FAMILY HOMES,Tax credit to incentivize developers to build homes meeting DOE Zero Energy Ready Homes standard.,"Eligible projects: construction of DOE Zero Energy Ready Homes, deep retrofit of existing homes [needs review: expiry unknown]","$5,000",Unknown,2026-05-11,Yes,https://www.rewiringamerica.org/policy/inflation-reduction-act,llm
Commercial Buildings Energy Efficient Credit (Section 179D),USA,Federal,Tax Credits,COMMERCIAL BUILDINGS,Expanded tax credit for commercial buildings based on square footage and energy reduction achieved.,Eligible projects: energy efficiency improvements achieving 25-50% reductions in energy use [needs review: expiry unknown],Offers $2.50 to $5.00 per square foot for businesses achieving 25 to 50 percent reductions in energy use over existing building performance standards.,Unknown,2026-05-11,Yes,https://www.rewiringamerica.org/policy/inflation-reduction-act,llm
Production Tax Credit for Clean Energy Manufacturing,USA,Federal,Tax Credits,All,Production tax credit funding to accelerate domestic manufacturing of clean energy components and critical minerals processing.,"Eligible projects: battery manufacturing, critical minerals processing, manufacturing of solar panels, manufacturing of wind turbines [needs review: expiry unknown]","$30 billion available as a production tax credit to accelerate U.S. manufacturing of solar panels, wind turbines, batteries and critical minerals processing in the U.S.",Unknown,2026-05-11,Yes,https://www.rewiringamerica.org/policy/inflation-reduction-act,llm
Investment Tax Credit for Clean Energy Manufacturing Facilities,USA,Federal,Tax Credits,All,Investment tax credit support for construction of domestic clean energy manufacturing facilities.,"Eligible projects: construction of manufacturing facilities for solar panels, wind turbines, batteries, critical minerals processing [needs review: expiry unknown]","$10 billion allocated as an investment tax credit for building new facilities that manufacture solar panels, wind turbines, batteries and related technologies.",Unknown,2026-05-11,Yes,https://www.rewiringamerica.org/policy/inflation-reduction-act,llm
Enhanced Use of the Defense Production Act Funding,USA,Federal,Investments,All,Funding under the Defense Production Act to support domestic clean technology and critical minerals processing.,"Eligible projects: domestic manufacturing of heat pumps, processing of critical minerals [needs review: expiry unknown]",Includes $500 million to bolster the domestic manufacturing of heat pumps and the processing of critical minerals.,Unknown,2026-05-11,Yes,https://www.rewiringamerica.org/policy/inflation-reduction-act,llm
Greenhouse Gas Reduction Fund,USA,Federal,Grants,All,"Fund to provide large-scale funding for greenhouse gas reduction projects, with a portion targeted to disadvantaged communities.","Eligible projects: deployment of zero-emission technologies, other greenhouse gas pollution reduction projects | $15 billion targeted to low-income and disadvantaged communities (explicitly stated). [needs review: expiry unknown]","Provides $27 billion in funding, of which $15 billion will enable low-income and disadvantaged communities to benefit from zero-emission technologies and other greenhouse gas pollution reductions.",Unknown,2026-05-11,Yes,https://www.rewiringamerica.org/policy/inflation-reduction-act,llm
Methane Fee,USA,Federal,Grants,All,A fee on methane emissions intended to penalize emitters; listed as part of the Inflation Reduction Act provisions.,Eligible projects: emitters of methane [needs review: incentive_type unresolved; low confidence (0.60)],"$1,500 per unit",2026,2026-05-11,Yes,https://www.rewiringamerica.org/policy/inflation-reduction-act,llm
Clean Vehicle Credit (Section 30D),USA,Federal,Tax Credits,All,"Tax credit to incentivize adoption of electric vehicles, with different values for new and used EVs.","Eligible projects: purchase of new electric vehicles, purchase of used electric vehicles [needs review: expiry unknown]","Gives a $7,500 credit for new electric vehicles and a $4,000 credit for used electric vehicles.",Unknown,2026-05-11,Yes,https://www.rewiringamerica.org/policy/inflation-reduction-act,llm
Residential Clean Energy Credit (Section 25D),USA,Federal,Tax Credits,RESIDENTIAL,"Tax credit for residential clean energy installations including solar and battery storage, at 30% of project costs for a guaranteed 10-year period.","Eligible projects: residential battery storage systems, residential solar installations [needs review: expiry unknown]",30%,Unknown,2026-05-11,Yes,https://www.rewiringamerica.org/policy/inflation-reduction-act,llm
Environmental and Climate Justice Block Grants,USA,Federal,Grants,All,Block grant program to support environmental and climate justice activities in disadvantaged communities.,"Eligible projects: climate resiliency projects, extreme heat mitigation, greenhouse gas emissions reduction projects, indoor air pollution reduction | Targeted to disadvantaged communities (explicitly stated). [needs review: expiry unknown]","Funded at $3 billion to enable disadvantaged communities to reduce greenhouse gas emissions, mitigate risks from extreme heat, improve climate resiliency and reduce indoor air pollution.",Unknown,2026-05-11,Yes,https://www.rewiringamerica.org/policy/inflation-reduction-act,llm
Improving Energy Efficiency and Water Efficiency / Climate Resilience in Affordable Housing (formerly GREAHT Act),USA,Federal,Finance Solutions,AFFORDABLE HOUSING,"Grants and loans to support energy/water efficiency, electrification, and climate resilience retrofits in affordable housing.","Eligible projects: climate resilience retrofits, energy efficiency improvements, retrofit projects advancing building electrification, water efficiency improvements [needs review: expiry unknown]","Includes $1 billion in grants and loans for retrofit projects that advance building electrification, improve energy and water efficiency, and more in affordable housing.",Unknown,2026-05-11,Yes,https://www.rewiringamerica.org/policy/inflation-reduction-act,llm
Tribal Electrification Program,USA,Federal,Grants,TRIBAL COMMUNITIES,Funding to support electrification and clean energy transitions in tribal communities.,"Eligible projects: transition to clean, zero-emission electric energy systems [needs review: expiry unknown]","Will provide $145 million to help tribal communities transition to clean, zero-emission, electric energy systems.",Unknown,2026-05-11,Yes,https://www.rewiringamerica.org/policy/inflation-reduction-act,llm
Zero Building Energy Code Adoption Provision,USA,Federal,Investments,COMMERCIAL; RESIDENTIAL,Funding to accelerate adoption of zero-emission building energy codes and standards.,"Eligible projects: adoption of zero-emission building codes, building efficiency and code upgrades [needs review: expiry unknown]",Invests $1 billion to support adoption of zero-emission building codes so more Americans can live and work in zero-emission buildings that meet high energy-efficiency standards.,Unknown,2026-05-11,Yes,https://www.rewiringamerica.org/policy/inflation-reduction-act,llm
Funding for Department of Energy Loan Programs Office (LPO),USA,Federal,Finance Solutions,All,Funding to the DOE Loan Programs Office to guarantee loans and support large-scale clean energy deployment and manufacturing.,Eligible projects: deployment and adoption of innovative clean energy technologies | Administered by: Department of Energy Loan Programs Office (LPO) [needs review: expiry unknown],Provides LPO $3.6 billion to guarantee loans up to $40 billion in principal amounts to spur deployment and adoption of innovative clean energy technologies.,Unknown,2026-05-11,Yes,https://www.rewiringamerica.org/policy/inflation-reduction-act,llm
Energy Audits,FL,Statewide,Rebates,All,Try our free at-home or online Energy Audit to identify simple ways you can save on energy costs and qualify for rebates.,"Eligible projects: at-home energy audit, online energy audit | Free at-home or online audit; may qualify for rebates. [needs review: expiry unknown]",Free at-home or online energy audit; can help identify ways to save and qualify for rebates.,Unknown,2026-05-11,Yes,https://www.tampaelectric.com/residential/saveenergy/,llm
Energy Planner,FL,Statewide,Grants,All,Enjoy lower rates 87% of the time and get a free programmable thermostat installed when you join.,Eligible projects: programmable thermostat installation [needs review: incentive_type unresolved; expiry unknown],Free programmable thermostat installed when you join.,Unknown,2026-05-11,Yes,https://www.tampaelectric.com/residential/saveenergy/,llm
Prime Time Plus,FL,Statewide,Grants,All,Prime Time Plus is a free and easy way to save money by earning monthly credits on your electric bill.,Eligible projects: earn monthly credits on the electric bill [needs review: incentive_type unresolved; expiry unknown],Earn monthly credits on your electric bill.,Unknown,2026-05-11,Yes,https://www.tampaelectric.com/residential/saveenergy/,llm
Heating & Cooling,FL,Statewide,Rebates,RESIDENTIAL,Residential customers who replace their air conditioning system with one that meets our energy-saving standards may qualify for a rebate.,Eligible projects: replace air conditioning system | Residential customers who replace their air conditioning system with one that meets the utility's energy-saving standards may qualify for a rebate. [needs review: amount unspecified; expiry unknown],See program page,Unknown,2026-05-11,Yes,https://www.tampaelectric.com/residential/saveenergy/,llm
Ceiling Insulation,FL,Statewide,Rebates,All,Low levels of attic insulation can let energy escape and raise bills. Schedule a FREE inspection and see if you qualify for a rebate.,Eligible projects: attic insulation | Schedule a free inspection to see if you qualify for a rebate. [needs review: amount unspecified; expiry unknown],See program page,Unknown,2026-05-11,Yes,https://www.tampaelectric.com/residential/saveenergy/,llm
Programmable Thermostat,FL,Statewide,Rebates,All,"Install an eligible programmable thermostat to better manage your home's temperature, saving energy and money.",Eligible projects: install an eligible programmable thermostat | Install an eligible programmable thermostat to qualify. [needs review: amount unspecified; expiry unknown],See program page,Unknown,2026-05-11,Yes,https://www.tampaelectric.com/residential/saveenergy/,llm
Ductwork Program,FL,Statewide,Grants,All,Leaky AC ducts can raise your bill. Get a FREE inspection to see if you qualify for a discounted repair.,Eligible projects: duct repair | Get a FREE inspection to see if you qualify for a discounted repair. [needs review: incentive_type unresolved; expiry unknown],Discounted repair if you qualify after a free inspection.,Unknown,2026-05-11,Yes,https://www.tampaelectric.com/residential/saveenergy/,llm
Weatherization,FL,Statewide,Grants,All,"See if you qualify for a free energy-saving kit with bulbs, caulk, weatherstripping and more plus possible free insulation and duct sealing.","Eligible projects: duct sealing, free energy-saving kit, insulation | See if you qualify for a free energy-saving kit and possible free insulation and duct sealing. [needs review: incentive_type unresolved; expiry unknown]","Free energy-saving kit (bulbs, caulk, weatherstripping and more) and possible free insulation and duct sealing.",Unknown,2026-05-11,Yes,https://www.tampaelectric.com/residential/saveenergy/,llm
Educational Outreach,FL,Statewide,Grants,All,Our Education and Awareness program sends energy experts to your event to present energy-saving tips and efficiency information.,Eligible projects: presentations at events on energy-saving tips and efficiency information [needs review: incentive_type unresolved; amount unspecified; expiry unknown],See program page,Unknown,2026-05-11,Yes,https://www.tampaelectric.com/residential/saveenergy/,llm
Energy Star® Construction,FL,Statewide,Grants,All,Learn how Energy Star® homes and construction practices can save energy and money.,Eligible projects: Energy Star homes and construction practices [needs review: incentive_type unresolved; amount unspecified; expiry unknown],See program page,Unknown,2026-05-11,Yes,https://www.tampaelectric.com/residential/saveenergy/,llm
Energy Planner,FL,Utility territory,Grants,RESIDENTIAL,"A free Tampa Electric program that offers lower electricity rates by shifting usage to low-rate periods. Includes a free programmable thermostat, installation of control devices, access to an online portal and mobile app to schedule equipment (heating & cooling, water heater, pool pump, Level 2 EV charger if available), and personalized training during installation.","Eligible projects: Level 2 electric vehicle charger, heating & cooling system, pool pump, water heater | Not available to customers who have net-metered solar and/or participate in Prime Time Plus. | Administered by: Tampa Electric [needs review: incentive_type unresolved; expiry unknown]","Standard rate: 16.230 cents/kWh; Low rate: as little as 13.039 cents/kWh; Low rate saves 3.191 cents/kWh. Price levels: Low (27.7% of time), Medium (58.9%), High (13.4%). Critical level used infrequently and cannot exceed 1.5% of total hours in a year.",Unknown,2026-05-11,Yes,https://www.tampaelectric.com/residential/saveenergy/energyplanner/,llm
Ceiling Insulation rebate,FL,Utility territory,Rebates,RESIDENTIAL,Mentioned in a customer testimonial as a Tampa Electric rebate to add insulation in the attic.,Eligible projects: attic insulation | Administered by: Tampa Electric [needs review: amount unspecified; expiry unknown; low confidence (0.50)],See program page,Unknown,2026-05-11,Yes,https://www.tampaelectric.com/residential/saveenergy/energyplanner/,llm
Ductwork program,FL,Utility territory,Grants,RESIDENTIAL,Referenced as Tampa Electric's Ductwork program (no further details provided on this page).,Eligible projects: ductwork | Administered by: Tampa Electric [needs review: incentive_type unresolved; amount unspecified; expiry unknown; low confidence (0.40)],See program page,Unknown,2026-05-11,Yes,https://www.tampaelectric.com/residential/saveenergy/energyplanner/,llm
Heating & Cooling Program,FL,Utility territory,Grants,RESIDENTIAL,Listed on the page as a Tampa Electric program (no program details provided in the scraped content).,Eligible projects: heating & cooling | Administered by: Tampa Electric [needs review: incentive_type unresolved; amount unspecified; expiry unknown; low confidence (0.30)],See program page,Unknown,2026-05-11,Yes,https://www.tampaelectric.com/residential/saveenergy/energyplanner/,llm
Energy Star® New Construction,FL,Utility territory,Grants,RESIDENTIAL,Listed on the page; no further details provided in the scraped content.,Eligible projects: new construction | Administered by: Tampa Electric [needs review: incentive_type unresolved; amount unspecified; expiry unknown; low confidence (0.30)],See program page,Unknown,2026-05-11,Yes,https://www.tampaelectric.com/residential/saveenergy/energyplanner/,llm
Energy Star® Smart Thermostat,FL,Utility territory,Grants,RESIDENTIAL,Listed on the page as a program/item; no further details provided in the scraped content.,Eligible projects: smart thermostat | Administered by: Tampa Electric [needs review: incentive_type unresolved; amount unspecified; expiry unknown; low confidence (0.30)],See program page,Unknown,2026-05-11,Yes,https://www.tampaelectric.com/residential/saveenergy/energyplanner/,llm
Weatherization,FL,Utility territory,Grants,RESIDENTIAL,Listed on the page as a program item; no further details provided in the scraped content.,Eligible projects: weatherization | Administered by: Tampa Electric [needs review: incentive_type unresolved; amount unspecified; expiry unknown; low confidence (0.25)],See program page,Unknown,2026-05-11,Yes,https://www.tampaelectric.com/residential/saveenergy/energyplanner/,llm
Prime Time Plus,FL,Utility territory,Grants,RESIDENTIAL,Named as a program; specifically mentioned that customers participating in Prime Time Plus are not eligible for Energy Planner.,Administered by: Tampa Electric [needs review: incentive_type unresolved; amount unspecified; expiry unknown; low confidence (0.60)],See program page,Unknown,2026-05-11,Yes,https://www.tampaelectric.com/residential/saveenergy/energyplanner/,llm
Zap Cap Systems® / Zap Cap Plugin,FL,Utility territory,Grants,RESIDENTIAL,Referenced (Zap Cap Systems® and Zap Cap Plugin Order Form) on the page; no program details provided in the scraped content.,Eligible projects: demand control device (Zap Cap) | Administered by: Tampa Electric [needs review: incentive_type unresolved; amount unspecified; expiry unknown; low confidence (0.40)],See program page,Unknown,2026-05-11,Yes,https://www.tampaelectric.com/residential/saveenergy/energyplanner/,llm
Personalized Online Energy Audit,FL,Utility territory,Grants,HOME,A personalized online audit that provides a customized report based on the customer's actual home energy consumption after logging in with a Tampa Electric account.,"Eligible projects: Personalized Online Energy Audit | Personalized audit is personalized exclusively for Tampa Electric customers and requires logging in with an existing Tampa Electric username and password. If not registered, customers can register to get started. | Administered by: Tampa Electric [needs review: incentive_type unresolved; expiry unknown]",free,Unknown,2026-05-11,Yes,https://www.tampaelectric.com/residential/saveenergy/energyaudit/,llm
Simple Online Energy Audit,FL,Utility territory,Grants,HOME,A quick online audit that provides a report with estimated usage without requiring Tampa Electric account registration.,Eligible projects: Simple Online Energy Audit | The simple online audit provides estimated usage based on home profile and local weather data and does not require registration as a Tampa Electric customer. | Administered by: Tampa Electric [needs review: incentive_type unresolved; expiry unknown],free,Unknown,2026-05-11,Yes,https://www.tampaelectric.com/residential/saveenergy/energyaudit/,llm
In-Home Audit,FL,Utility territory,Grants,HOME,"A free in-home audit performed by certified energy analysts who inspect the home, identify savings opportunities, and recommend additional energy-saving programs.",Eligible projects: In-Home Audit | Schedule a free in-home audit by calling the provided number. Energy analysts are globally certified through the Association of Energy Engineers (ANSI-accredited). Scheduling phone number and hours provided on the page. | Administered by: Tampa Electric [needs review: incentive_type unresolved; expiry unknown],free,Unknown,2026-05-11,Yes,https://www.tampaelectric.com/residential/saveenergy/energyaudit/,llm
Ductwork,FL,Utility territory,Grants,HOME,"Tampa Electric's Ductwork program aims to improve home efficiency and indoor air quality. Benefits listed include savings of up to 20 percent on annual heating and cooling costs, improved air quality, minimized future leaks, and increased comfort. Program requires pre-approval inspection and uses Tampa Electric-approved contractors to seal leaks; participant fee stated as $125 per heating & cooling unit (additional fees for extensive repairs).","Eligible projects: duct repair, duct sealing | A pre-approval inspection by a Tampa Electric energy analyst is required. The analyst will inspect your home's duct system for accessibility and repair needs. If approved, the analyst will provide contact information for the Tampa Electric-approved contractor that serves your area. Call 813-275-3909 weekdays from 8 a.m. to 5 p.m. to schedule a pre-approval inspection. Tampa Electric may contact you to schedule a follow-up inspection after the work is complete. | Administered by: Tampa Electric [needs review: incentive_type unresolved; expiry unknown]",$125,Unknown,2026-05-11,Yes,https://www.tampaelectric.com/residential/saveenergy/ductwork/,llm
ENERGY STAR Smart Thermostat Rebate,FL,Utility territory,Rebates,RESIDENTIAL,Installing an ENERGY STAR certified smart thermostat can help save money and earn a rebate. Only ENERGY STAR smart thermostats have their energy savings independently certified. This program offers a rebate of up to $22.,"Eligible projects: ENERGY STAR smart thermostat | Thermostat must be ENERGY STAR certified; paid receipt/invoice (proof of purchase) must be purchased new; photo of smart thermostat showing the ENERGY STAR label; photo of smart thermostat installed on the wall; submit rebate application within 90 days of purchase date; thermostats purchased prior to Nov. 2, 2020 do not qualify; ENERGY STAR smart thermostats are not compatible with Tampa Electric's Energy Planner program; Tampa Electric may contact you to schedule a follow-up inspection; for questions call 813-275-3909 on weekdays from 8 a.m. to 5 p.m. | Administered by: Tampa Electric [needs review: expiry unknown]",Up to $22,Unknown,2026-05-11,Yes,https://www.tampaelectric.com/residential/saveenergy/energystarsmartthermostat/,llm
Neighborhood Weatherization program,FL,Utility territory,Grants,HOME,Tampa Electric will install specified energy-saving items at no cost and provide a free home Energy Audit; may also provide free duct sealing and ceiling insulation for qualifying homes.,"Eligible projects: Air filter whistle, Caulking for windows (when applicable), Ceiling insulation (may qualify), Duct sealing (may qualify), Free Energy Audit (home inspection by a certified energy analyst), LED light bulbs (six), Low-flow showerheads and aerators, Refrigerator coil brush, Wall plate thermometer, Water heater pipe insulation wrap, Weather stripping for doors | Home must qualify; call Tampa Electric at 813-275-3909 to see if your home is located in one of several communities identified by Tampa Electric. If you don’t qualify for Tampa Electric’s Weatherization program, contact YOU THRIVE (Florida nonprofit community action agency) for Weatherization Assistance. | Administered by: Tampa Electric [needs review: incentive_type unresolved; expiry unknown]",Installations provided at no cost to you.,Unknown,2026-05-11,Yes,https://www.tampaelectric.com/residential/saveenergy/neighborhoodweatherization/,llm
Home Energy Check,FL,Utility territory,Grants,APARTMENTS; RENTERS; RESIDENTIAL CUSTOMERS,A free energy audit to learn how your home uses energy and find ways to save.,"Eligible projects: energy assessment, home energy audit | Open to all residential customers who have not had a Home Energy Check within the past two years, including those who rent their home or live in an apartment. Options: online (approx. 5-10 minutes), phone-assisted audit (call 877.364.9004; 15-30 mins), or in-home visit (call 877.230.6609; 60-90 mins). | Administered by: Duke Energy [needs review: incentive_type unresolved; expiry unknown]","Free Home Energy Check (online, phone-assisted, or in-home audit).",Unknown,2026-05-11,Yes,https://www.duke-energy.com/home/products/home-energy-check,llm
Free Energy Use Report,FL,Utility territory,Grants,RESIDENTIAL CUSTOMERS,Customized report featuring a breakdown of household energy use and suggestions to save.,Eligible projects: energy use report | Provided after completing the Home Energy Check. | Administered by: Duke Energy [needs review: incentive_type unresolved; expiry unknown],"Free, customized report with a breakdown of your home’s energy use and free advice to improve energy efficiency.",Unknown,2026-05-11,Yes,https://www.duke-energy.com/home/products/home-energy-check,llm
Free Energy Efficiency Kit,FL,Utility territory,Grants,RESIDENTIAL CUSTOMERS,A free kit including energy-saving products you can use right away to help lower your bill and reduce energy use.,Eligible projects: energy efficiency kit | Available as part of the Home Energy Check offerings. | Administered by: Duke Energy [needs review: incentive_type unresolved; expiry unknown],Free energy efficiency kit with energy-saving products.,Unknown,2026-05-11,Yes,https://www.duke-energy.com/home/products/home-energy-check,llm
Attic insulation rebate (single-family),FL,Utility territory,Rebates,SINGLE-FAMILY HOMES,Instant rebate for attic insulation for single-family homes.,"Eligible projects: attic insulation | Before you can qualify for home improvement rebates, you must first complete a Home Energy Check. Instant rebate available when you hire a certified Trade Ally who will take the rebate directly off the invoice. | Administered by: Duke Energy [needs review: expiry unknown]",Up to $800,Unknown,2026-05-11,Yes,https://www.duke-energy.com/home/products/home-energy-check,llm
Duct test and repair rebate (single-family),FL,Utility territory,Rebates,SINGLE-FAMILY HOMES,Instant rebate for duct testing and repair for single-family homes.,"Eligible projects: duct test and repair | Before you can qualify for home improvement rebates, you must first complete a Home Energy Check. Instant rebate available when you hire a certified Trade Ally who will take the rebate directly off the invoice. | Administered by: Duke Energy [needs review: expiry unknown]",Up to $450,Unknown,2026-05-11,Yes,https://www.duke-energy.com/home/products/home-energy-check,llm
Energy efficient windows rebate (single-family),FL,Utility territory,Rebates,SINGLE-FAMILY HOMES,"Rebate for qualifying energy efficient windows on specified orientations (east, west, south) for single-family homes.","Eligible projects: energy efficient windows | Before you can qualify for home improvement rebates, you must first complete a Home Energy Check. Rebate requests are submitted online in the rewards center after project completion; you select your contractor. | Administered by: Duke Energy [needs review: expiry unknown]",Up to $800,Unknown,2026-05-11,Yes,https://www.duke-energy.com/home/products/home-energy-check,llm
HVAC replacement rebate (single-family),FL,Utility territory,Rebates,SINGLE-FAMILY HOMES,Rebate for qualifying heat pump or air conditioning unit replacements for single-family homes.,"Eligible projects: AC units, HVAC replacement, heat pump | Before you can qualify for home improvement rebates, you must first complete a Home Energy Check. Rebate requests are submitted online in the rewards center after project completion; you select your contractor. | Administered by: Duke Energy [needs review: expiry unknown]","Up to $1,000",Unknown,2026-05-11,Yes,https://www.duke-energy.com/home/products/home-energy-check,llm
Heat pump water heater rebate (single-family),FL,Utility territory,Rebates,SINGLE-FAMILY HOMES,Rebate for installing a qualifying heat pump water heater for single-family homes.,"Eligible projects: heat pump water heater | Before you can qualify for home improvement rebates, you must first complete a Home Energy Check. Rebate requests are submitted online in the rewards center after project completion; you select your contractor. | Administered by: Duke Energy [needs review: expiry unknown]",Up to $800,Unknown,2026-05-11,Yes,https://www.duke-energy.com/home/products/home-energy-check,llm
HVAC replacement rebate (multifamily),FL,Utility territory,Rebates,MULTIFAMILY PROPERTIES,Rebate for qualifying heat pump or AC unit replacements for multifamily properties.,"Eligible projects: AC units, HVAC replacement, heat pump | Multifamily properties are eligible for HVAC and attic insulation rebate incentives. Before you can qualify for home improvement rebates, you must first complete a Home Energy Check. Rebate requests are submitted online in the rewards center after project completion; you select your contractor. | Administered by: Duke Energy [needs review: expiry unknown]",Up to $600,Unknown,2026-05-11,Yes,https://www.duke-energy.com/home/products/home-energy-check,llm
Attic insulation rebate (multifamily),FL,Utility territory,Rebates,MULTIFAMILY PROPERTIES,Instant rebate for attic insulation for multifamily properties.,"Eligible projects: attic insulation | Multifamily properties are eligible for attic insulation rebate incentives. Before you can qualify for home improvement rebates, you must first complete a Home Energy Check. Instant rebate available when you hire a certified Trade Ally who will take the rebate directly off the invoice. | Administered by: Duke Energy [needs review: expiry unknown]",Up to $350,Unknown,2026-05-11,Yes,https://www.duke-energy.com/home/products/home-energy-check,llm
Duct test and repair rebate (manufactured homes),FL,Utility territory,Rebates,MANUFACTURED HOMES,Instant rebate for duct testing and repair for manufactured homes.,"Eligible projects: duct test and repair | Manufactured homes are eligible for duct test and repair rebate incentives. Before you can qualify for home improvement rebates, you must first complete a Home Energy Check. Instant rebate available when you hire a certified Trade Ally who will take the rebate directly off the invoice. | Administered by: Duke Energy [needs review: expiry unknown]",Up to $450,Unknown,2026-05-11,Yes,https://www.duke-energy.com/home/products/home-energy-check,llm
HVAC replacement rebate (manufactured homes),FL,Utility territory,Rebates,MANUFACTURED HOMES,Rebate for qualifying heat pump or AC unit replacements for manufactured homes.,"Eligible projects: AC units, HVAC replacement, heat pump | Manufactured homes are eligible for HVAC rebate incentives. Before you can qualify for home improvement rebates, you must first complete a Home Energy Check. Rebate requests are submitted online in the rewards center after project completion; you select your contractor. | Administered by: Duke Energy [needs review: expiry unknown]",Up to $600,Unknown,2026-05-11,Yes,https://www.duke-energy.com/home/products/home-energy-check,llm
My Safe Florida Home Program,FL,Statewide,Grants,HOME,"Helps Florida homeowners strengthen their homes through free wind-mitigation inspections and grant assistance for approved upgrades (potential eligibility for up to $10,000 in grant funding).","Owner-occupied required | Eligible projects: Exterior Door Upgrades (including Garage Doors), Garage Door Reinforcement, Impact Windows and Doors, Install Secondary Water Resistance for Roof Opening Protection, Reinforce Roof-to-Wall Connections, Roof Improvements, Secondary Water Barrier Installation, Strengthen Roof to Deck Attachments, Window Upgrades | Home must receive a wind-mitigation inspection and qualify via the inspection report before applying for grant funding. Applicants are placed into inspection groups; after inspection and qualification, a Grant Application may be submitted for approved upgrades. Program materials advise using a licensed contractor and obtaining bids from at least three contractors. [needs review: expiry unknown]","Up to $10,000",Unknown,2026-05-11,Yes,https://mysafeflhome.com/,llm
Rebuilding for Tomorrow Homeowner Repair and Reconstruction Program,FL,Hillsborough County,Grants,HOMEOWNER,"County program to assist income-eligible homeowners with repair, reimbursement, reconstruction or replacement of storm-damaged housing. Several pop-up service centers and a call center were made available. The program will remain open until all funding is obligated.","Owner-occupied required | Income-qualified (≤ 120% AMI) | Eligible projects: reimbursement for permitted work already completed by the homeowner, repairs not completed or covered under other programs, replace or rebuild storm-damaged housing | Program is for residents within the City of Tampa city limits. Priority given to those earning 80% or less of AMI. Example AMI amounts provided: $100,080 annual household income for a two-person household = 120% AMI; $66,800 annual household income for a two-person household = 80% AMI. If you received funds from the City of Tampa’s Homeowner Hurricane Assistance program you may still be eligible. | Administered by: Hillsborough County [needs review: incentive_type unresolved]","Eligible residents can qualify for up to $350,000 to replace or rebuild storm-damaged housing; $10,000 - $50,000 in eligible reimbursement costs for permitted work already completed by the homeowner (minimum reimbursement is $10,000); or up to $150,000 in repairs that have not been completed or covered under other programs.",Program will remain open until all funding is obligated.,2026-05-11,Yes,RebuildingForTomorrow.HCFL.gov,llm
Rental Move-In Assistance Program (RMAP),FL,Tampa,Grants,RENTAL,City of Tampa program providing move-in cost assistance to eligible residents.,"Eligible projects: move-in cost assistance | Program reopened for Phase X on Tuesday, April 21. Contact the Housing Information Line for more information. | Administered by: City of Tampa Housing & Community Development [needs review: incentive_type unresolved; expiry unknown]",This phase (Phase X) of the program will exclusively provide assistance with move-in costs for eligible residents.,Unknown,2026-05-11,Yes,https://www.tampa.gov/housing-and-community-development/rental-move-in-assistance,llm
HOME-American Rescue Plan (HOME-ARP) II RFP,FL,Tampa,Finance Solutions,RENTAL HOUSING,"City is seeking proposals for the supply and/or development, and management of affordable rental housing. Award funds available as below-market interest rate loans for qualifying projects.","Eligible projects: construction and related development of HOME-ARP and HOME eligible rental housing projects, supply, development, and management of affordable rental housing for HOME-ARP-qualifying populations | Seeking proposals for projects and management of affordable rental housing for HOME-ARP-qualifying populations and other eligible beneficiaries. RFP # 26-P-00002. | Administered by: City of Tampa",Award funds will be made available by the City to the successful proposer(s) at below-market interest rate loans for construction and related development costs of HOME-ARP and HOME eligible rental housing projects.,"Response Submission Deadline: May 18, 2026, 3:00pm",2026-05-11,No,https://procurement.opengov.com/portal/cityoftampa,llm
HOME TBRA,FL,Tampa,Grants,All,Included in the FY27/PY26 Universal Funding RFA as a program for which the City will accept proposals.,"Requests for applications accepted beginning April 1, 2026, with a deadline of April 30, 2026 at 4:00 PM EST. Full guidelines and applications available through the Neighborly portal. | Administered by: City of Tampa Housing and Community Development [needs review: incentive_type unresolved; amount unspecified]",See program page,"April 30, 2026 at 4:00 PM EST",2026-05-11,Yes,https://portal.neighborlysoftware.com/TAMPAFL/Participant,llm
SHIP Deposit Assistance,FL,Tampa,Grants,All,SHIP Deposit Assistance (listed as part of RFA programs including deposit and rental assistance).,"Requests for applications accepted beginning April 1, 2026, with a deadline of April 30, 2026 at 4:00 PM EST. Full guidelines and applications available through the Neighborly portal. Mentioned as SHIP Deposit and Rental Assistance in the RFA materials. | Administered by: City of Tampa Housing and Community Development [needs review: incentive_type unresolved; amount unspecified]",See program page,"April 30, 2026 at 4:00 PM EST",2026-05-11,Yes,https://portal.neighborlysoftware.com/TAMPAFL/Participant,llm
CDBG Public Services,FL,Tampa,Grants,All,Community Development Block Grant (CDBG) Public Services funding opportunity as part of the FY27/PY26 RFA.,"Requests for applications accepted beginning April 1, 2026, with a deadline of April 30, 2026 at 4:00 PM EST. Non-mandatory technical assistance workshops scheduled. Applications available through Neighborly portal. | Administered by: City of Tampa Housing and Community Development [needs review: amount unspecified]",See program page,"April 30, 2026 at 4:00 PM EST",2026-05-11,Yes,https://portal.neighborlysoftware.com/TAMPAFL/Participant,llm
CDBG Public Facilities (CDBG Public Facility Improvements),FL,Tampa,Grants,All,Community Development Block Grant (CDBG) Public Facility Improvements funding opportunity as part of the FY27/PY26 RFA.,"Requests for applications accepted beginning April 1, 2026, with a deadline of April 30, 2026 at 4:00 PM EST. Non-mandatory technical assistance workshops scheduled. Applications available through Neighborly portal. | Administered by: City of Tampa Housing and Community Development [needs review: amount unspecified]",See program page,"April 30, 2026 at 4:00 PM EST",2026-05-11,Yes,https://portal.neighborlysoftware.com/TAMPAFL/Participant,llm
HOPWA (HIV/AIDS Housing) Eligible Activities,FL,Tampa,Grants,All,HOPWA program listed as part of the FY27/PY26 Universal Funding RFA.,"HOPWA eligible activities referenced for Hillsborough, Hernando, Pinellas and Pasco Counties. Requests for applications accepted beginning April 1, 2026, with a deadline of April 30, 2026 at 4:00 PM EST. Full guidelines and applications available through the Neighborly portal. | Administered by: City of Tampa Housing and Community Development [needs review: incentive_type unresolved; amount unspecified]",See program page,"April 30, 2026 at 4:00 PM EST",2026-05-11,Yes,https://portal.neighborlysoftware.com/TAMPAFL/Participant,llm
Homeowner Hurricane Assistance (HHA),FL,Tampa,Grants,HOMEOWNER,City program to support homeowners with repairs following Hurricanes Helene and Milton; launched November 2025.,Owner-occupied required | Eligible projects: repairs following hurricanes | Program served residents in areas most heavily impacted by Hurricanes Helene and Milton. | Administered by: City of Tampa [needs review: incentive_type unresolved; expiry unknown],City launched the Homeowner Hurricane Assistance program in November 2025 to support residents in heavily impacted areas; program assisted approximately 100 households with repairs following the storms.,Unknown,2026-05-11,Yes,https://www.tampa.gov/housing-and-community-development,llm
DARE to Own the Dream Program,FL,Tampa,Grants,All,Listed among the City’s housing programs. Limited detail provided on page.,Sign up online for an appointment at QUP (mentioned on page). | Administered by: City of Tampa Housing & Community Development [needs review: incentive_type unresolved; amount unspecified; expiry unknown; low confidence (0.60)],See program page,Unknown,2026-05-11,Yes,https://www.tampa.gov/housing-and-community-development,llm
Infill Housing Program,FL,Tampa,Grants,All,Listed among the City’s housing programs. No further details provided on this page.,Administered by: City of Tampa Housing & Community Development [needs review: incentive_type unresolved; amount unspecified; expiry unknown; low confidence (0.60)],See program page,Unknown,2026-05-11,Yes,https://www.tampa.gov/housing-and-community-development,llm
Housing Rehabilitation and Renovation Program (HRRP),FL,Tampa,Grants,All,Listed among the City’s housing programs (Housing Rehabilitation and Renovation Program). No further details provided on this page.,Administered by: City of Tampa Housing & Community Development [needs review: incentive_type unresolved; amount unspecified; expiry unknown],See program page,Unknown,2026-05-11,Yes,https://www.tampa.gov/housing-and-community-development,llm
Residential Clean Energy Credit,USA,Federal,Tax Credits,"BATTERY STORAGE TECHNOLOGY (BEGINNING IN 2023, MUST HAVE CAPACITY OF AT LEAST 3 KILOWATT HOURS); FUEL CELLS; GEOTHERMAL HEAT PUMPS; SOLAR ELECTRIC PANELS; SOLAR ROOFING TILES/SOLAR SHINGLES; SOLAR WATER HEATERS; WIND TURBINES","A federal tax credit equal to 30% of costs for qualifying residential clean energy property installed between 2022 and December 31, 2025 (subject to specific property limits and qualification rules).","Eligible projects: Existing homes, Main home (primary residence), New homes, Second home (in some cases; must be located in the United States and not rented to others) | You may claim the credit whether you own or rent the home. You cannot claim the credit if you are a landlord or other property owner who does not live in the home. You cannot claim fuel cell property credit for a second home or for a home not located in the United States. Business-use rules: if property is used solely for business you cannot claim the credit; if partly for business, full credit allowed when business use up to 20% and credit based on nonbusiness share when business use is more than 20%. Used (previously owned) clean energy property is not eligible. Labor costs for onsite preparation, assembly, original installation, and necessary piping or wiring may be included. Subsidies, rebates, and other financial incentives may reduce qualified expenses when calculating the credit (public utility subsidies and certain rebates must be subtracted). Interest paid (including loan origination fees) is not included in qualified expenses. | Administered by: Internal Revenue Service (IRS)",30%,2025-12-31,2026-05-11,No,https://www.irs.gov/credits-deductions/residential-clean-energy-credit,llm
Energy Efficient Home Improvement Credit,USA,Federal,Tax Credits,EXISTING HOME; MAIN HOME; PRIMARY RESIDENCE,"Federal tax credit for qualified energy-efficient improvements to a taxpayer's main home for property placed in service Jan 1, 2023 through Dec 31, 2025. Credit equals 30% of eligible expenses with specified annual and per-item limits; includes qualified energy efficiency improvements, residential energy property, and home energy audits.","Owner-occupied required | Eligible projects: Biomass stoves and boilers, Building envelope components, Central air conditioners, Electric or natural gas heat pump water heaters, Electrical components to support residential energy property (panelboards, sub-panelboards, branch circuits, feeders with 200 amps or more), Exterior doors, Exterior windows and skylights, Heat pumps (electric or natural gas), Home energy audits, Insulation and air sealing materials or systems, Natural gas, propane, or oil furnaces and hot water boilers, Natural gas, propane, or oil water heaters, Qualified energy efficiency improvements, Residential energy property | Applies to your main home located in the United States; must be an existing home you improve or add onto (not a new home). Cannot claim if you are a landlord or if property is used solely for business. If home is used partly for business: business use up to 20% = full credit; business use over 20% = credit based on nonbusiness share. Building envelope components must have expected lifespan of at least 5 years. Insulation and air sealing materials or systems are exempt from qualified manufacturer and PIN requirements. For property placed in service in 2025, no credit unless item was produced by a qualified manufacturer and the taxpayer reports the Qualified Manufacturer Identification Number (QMID) on the return. Subsidies, rebates, or other financial incentives may need to be subtracted from qualified expenses per IRS rules. Credit is nonrefundable and cannot be applied to future tax years. | Administered by: Internal Revenue Service","30% (up to $3,200)",2025-12-31,2026-05-11,No,https://www.irs.gov/credits-deductions/energy-efficient-home-improvement-credit,llm
Hazard Mitigation Grant Program (HMGP),USA,Federal,Grants,BUSINESSES; DWELLINGS; HOMES; INDIVIDUAL RESIDENCES; STRUCTURES; UTILITIES AND INFRASTRUCTURE,"FEMA’s Hazard Mitigation Grant Program (HMGP) provides funding to state, local, tribal and territorial governments to develop hazard mitigation plans and rebuild in ways that reduce or mitigate future disaster losses in their communities. This funding becomes available following a Presidentially declared disaster.","Eligible projects: Acquiring hazard-prone homes and businesses, Building safe rooms for communities and individual residences, Developing, adopting, evaluating, enhancing and enforcing building codes and standards, Elevating structures above known flood levels, Implementing drainage improvement projects, Installing permanent barriers to prevent floodwater entering homes and businesses (e.g., levees, floodwalls, floodproofing), Planning & Enforcement (creating and adopting hazard mitigation plans), Reconstructing damaged dwellings on elevated foundations, Retrofitting buildings to resist floods, earthquakes, wind, wildfires and other hazards, Stabilizing slopes to prevent structural losses, Upgrading utilities and infrastructure to enhance resistance to natural hazards | Homeowners and businesses are not eligible to apply directly for HMGP grants; local communities may apply for funding on their behalf. To receive HMGP funding, all state, local, tribal and territorial governments must develop and adopt hazard mitigation plans. | Administered by: FEMA [needs review: amount unspecified; expiry unknown]",See program page,Unknown,2026-05-11,Yes,https://www.fema.gov/grants/mitigation/hazard-mitigation,llm
Building Resilient Infrastructure and Communities (BRIC),USA,Federal,Grants,All,"BRIC is a hazard mitigation program that makes federal funds available to states, U.S. territories, federally recognized Tribal Nations, and local governments for hazard mitigation activities, including upgrading and modernizing infrastructure to promote resilience against natural hazards.","Eligible projects: pre-disaster and hazard mitigation projects, relocating critical facilities out of flood areas, school safe rooms, securing pump stations, utility hardening | Eligible applicants and subapplicants: states, U.S. territories, federally recognized Tribal Nations, and local governments. Eligible applicants and subapplicants must apply through the FEMA Grants Outcomes (FEMA GO) portal. The full Notice of Funding Opportunity (NOFO) is published on Grants.gov. Previous subapplications submitted for the initial BRIC funding opportunity published in January 2025 will not be reviewed. | Administered by: Federal Emergency Management Agency (FEMA) [needs review: amount unspecified]",See program page,"July 23, 2026",2026-05-11,Yes,FEMA Grants Outcomes (FEMA GO) portal; NOFO published on Grants.gov,llm
Homestead Exemption,FL,Statewide,Tax Credits,HOMESTEAD PROPERTY,"Property owners who make a property their permanent residence may be eligible to receive a homestead exemption that would decrease the property's taxable value by as much as $50,000. Submit applications and documentation to the property appraiser in the county where the property is located.",Owner-occupied required | Applies when an owner makes the property his or her permanent residence. | Administered by: county property appraiser [needs review: expiry unknown],"$50,000",Unknown,2026-05-11,Yes,https://floridarevenue.com/property/Pages/Taxpayers_Exemptions.aspx,llm
Save Our Homes Assessment Limitation,FL,Statewide,Tax Credits,HOMESTEAD PROPERTY,Save Our Homes assessment limitation is available to homes that have a homestead exemption (referenced on the page as qualifying the home for the assessment limitation).,Owner-occupied required | Homes with the homestead exemption qualify for the Save Our Homes assessment limitation. | Administered by: county property appraiser [needs review: amount unspecified; expiry unknown],See program page,Unknown,2026-05-11,Yes,https://floridarevenue.com/property/Pages/Taxpayers_Exemptions.aspx,llm
Portability Transfer,FL,Statewide,Tax Credits,HOMESTEAD PROPERTY,A homeowner may be able to transfer or “port” all or part of the assessment difference to a new Florida homestead.,Owner-occupied required | Allows transfer of all or part of the assessment difference to a new Florida homestead. | Administered by: county property appraiser [needs review: expiry unknown],A homeowner may be able to transfer or “port” all or part of the assessment difference to a new Florida homestead.,Unknown,2026-05-11,Yes,https://floridarevenue.com/property/Pages/Taxpayers_Exemptions.aspx,llm
Property Tax Benefits for Active Duty Military and Veterans (PT-109),FL,Statewide,Tax Credits,All,Listed informational guide on property tax benefits for active duty military and veterans (document PT-109).,Administered by: county property appraiser [needs review: amount unspecified; expiry unknown],See program page,Unknown,2026-05-11,Yes,https://floridarevenue.com/property/Pages/Taxpayers_Exemptions.aspx,llm
Property Tax Benefits For Persons 65 or Older (PT-110),FL,Statewide,Tax Credits,All,Listed informational guide on property tax benefits for persons 65 or older (document PT-110).,Administered by: county property appraiser [needs review: amount unspecified; expiry unknown],See program page,Unknown,2026-05-11,Yes,https://floridarevenue.com/property/Pages/Taxpayers_Exemptions.aspx,llm
Other Available Property Tax Benefits (PT-111),FL,Statewide,Tax Credits,All,Listed informational guide describing other available property tax benefits (document PT-111).,Administered by: county property appraiser [needs review: amount unspecified; expiry unknown; low confidence (0.65)],See program page,Unknown,2026-05-11,Yes,https://floridarevenue.com/property/Pages/Taxpayers_Exemptions.aspx,llm
Fallen Heroes Family Tax Relief Act,FL,Statewide,Tax Credits,HOMESTEAD PROPERTY,"Surviving spouses of first responders who died in the line of duty may receive a total exemption on homestead property. See section 196.081(6), F.S.",Owner-occupied required | Surviving spouse of a first responder who died in the line of duty. | Administered by: county property appraiser [needs review: expiry unknown],Surviving spouses of first responders who died in the line of duty may receive a total exemption on homestead property.,Unknown,2026-05-11,Yes,https://floridarevenue.com/property/Pages/Taxpayers_Exemptions.aspx,llm
"DR-405 Tangible Personal Property Tax Return (section 196.183, F.S.)",FL,Statewide,Grants,TANGIBLE PERSONAL PROPERTY,"Form DR-405 Tangible Personal Property Tax Return (R. 01/18) referenced with section 196.183, F.S.",Administered by: county property appraiser [needs review: incentive_type unresolved; amount unspecified; expiry unknown],See program page,Unknown,2026-05-11,Yes,https://floridarevenue.com/property/Pages/Taxpayers_Exemptions.aspx,llm
"DR-418 Economic Development Ad Valorem Property Tax Exemption (section 196.1995, F.S.)",FL,Statewide,Tax Credits,All,"DR-418 Economic Development Ad Valorem Property Tax Exemption (R. 12/99), referenced with section 196.1995, F.S.",Administered by: county property appraiser [needs review: amount unspecified; expiry unknown],See program page,Unknown,2026-05-11,Yes,https://floridarevenue.com/property/Pages/Taxpayers_Exemptions.aspx,llm
"DR-418C Real Property Dedicated in Perpetuity for Conservation, Exemption Application (sections 196.011 and 196.26, F.S.)",FL,Statewide,Tax Credits,REAL PROPERTY DEDICATED IN PERPETUITY FOR CONSERVATION,"DR-418C Real Property Dedicated in Perpetuity for Conservation, Exemption Application (R. 09/17), referenced with sections 196.011 and 196.26, F.S.",Administered by: county property appraiser [needs review: amount unspecified; expiry unknown],See program page,Unknown,2026-05-11,Yes,https://floridarevenue.com/property/Pages/Taxpayers_Exemptions.aspx,llm
"DR-501CC Ad Valorem Tax Exemption Application And Return For Proprietary Continuing Care Facility (section 196.1977, F.S.)",FL,Statewide,Tax Credits,PROPRIETARY CONTINUING CARE FACILITY,"DR-501CC Ad Valorem Tax Exemption Application And Return For Proprietary Continuing Care Facility (R. 11/21), referenced with section 196.1977, F.S.",Administered by: county property appraiser [needs review: amount unspecified; expiry unknown],See program page,Unknown,2026-05-11,Yes,https://floridarevenue.com/property/Pages/Taxpayers_Exemptions.aspx,llm
"DR-504 Ad Valorem Tax Exemption Application and Return For Charitable, Religious, Scientific, Literary Organizations, Hospitals, Nursing Homes, and Homes For Special Services (chapter 196, F.S.)",FL,Statewide,Tax Credits,CHARITABLE ORGANIZATIONS; HOMES FOR SPECIAL SERVICES; HOSPITALS; LITERARY ORGANIZATIONS; NURSING HOMES; RELIGIOUS ORGANIZATIONS; SCIENTIFIC ORGANIZATIONS,"DR-504 Ad Valorem Tax Exemption Application and Return for various nonprofit and charitable entities (R. 11/21), referenced with chapter 196, F.S.",Administered by: county property appraiser [needs review: amount unspecified; expiry unknown],See program page,Unknown,2026-05-11,Yes,https://floridarevenue.com/property/Pages/Taxpayers_Exemptions.aspx,llm
"DR-504AFH Ad Valorem Tax Exemption Application and Return for Multifamily Project and Affordable Housing Property (section 196.1978, F.S.)",FL,Statewide,Tax Credits,AFFORDABLE HOUSING PROPERTY; MULTIFAMILY PROJECT,"DR-504AFH Ad Valorem Tax Exemption Application and Return for Multifamily Project and Affordable Housing Property (N. 11/21), referenced with section 196.1978, F.S.",Administered by: county property appraiser [needs review: amount unspecified; expiry unknown],See program page,Unknown,2026-05-11,Yes,https://floridarevenue.com/property/Pages/Taxpayers_Exemptions.aspx,llm
"DR-504CS Ad Valorem Tax Exemption Application and Return For Charter School Facilities (section 196.1983, F.S.)",FL,Statewide,Tax Credits,CHARTER SCHOOL FACILITIES,"DR-504CS Ad Valorem Tax Exemption Application and Return For Charter School Facilities (R. 11/21), referenced with section 196.1983, F.S.",Administered by: county property appraiser [needs review: amount unspecified; expiry unknown],See program page,Unknown,2026-05-11,Yes,https://floridarevenue.com/property/Pages/Taxpayers_Exemptions.aspx,llm
"DR-504ED Ad Valorem Tax Exemption Application and Return for Educational Property (section 196.198, F.S.)",FL,Statewide,Tax Credits,EDUCATIONAL PROPERTY,"DR-504ED Ad Valorem Tax Exemption Application and Return for Educational Property (N. 11/21), referenced with section 196.198, F.S.",Administered by: county property appraiser [needs review: amount unspecified; expiry unknown],See program page,Unknown,2026-05-11,Yes,https://floridarevenue.com/property/Pages/Taxpayers_Exemptions.aspx,llm
"DR-504HA Ad Valorem Tax Exemption Application and Return For Nonprofit Homes for the Aged (section 196.1975, F.S.)",FL,Statewide,Tax Credits,NONPROFIT HOMES FOR THE AGED,"DR-504HA Ad Valorem Tax Exemption Application and Return For Nonprofit Homes for the Aged (R. 11/21), referenced with section 196.1975, F.S.",Administered by: county property appraiser [needs review: amount unspecified; expiry unknown],See program page,Unknown,2026-05-11,Yes,https://floridarevenue.com/property/Pages/Taxpayers_Exemptions.aspx,llm
"DR-504W Ad Valorem Tax Exemption Application and Return Not-For-Profit Sewer and Water Company and Not-For-Profit Water and Wastewater Systems (sections 196.2001 and 196.2002, F.S.)",FL,Statewide,Tax Credits,NOT-FOR-PROFIT SEWER AND WATER COMPANY; NOT-FOR-PROFIT WATER AND WASTEWATER SYSTEMS,"DR-504W Ad Valorem Tax Exemption Application and Return for not-for-profit sewer and water entities (N. 11/21), referenced with sections 196.2001 and 196.2002, F.S.",Administered by: county property appraiser [needs review: amount unspecified; expiry unknown],See program page,Unknown,2026-05-11,Yes,https://floridarevenue.com/property/Pages/Taxpayers_Exemptions.aspx,llm
collection allowance,FL,Statewide,Grants,All,"When you electronically file and pay on time, you may take a collection allowance. The collection allowance is 2.5% (.025) of the first $1,200 of tax due, not to exceed $30 for each reporting location. If you have less than $1,200 in tax due, your collection allowance will be less than $30.","Available when you electronically file and pay on time; applies per reporting location and is calculated as 2.5% of the first $1,200 of tax due (will be less than $30 if tax due is less than $1,200). | Administered by: Florida Department of Revenue [needs review: incentive_type unresolved; expiry unknown]",2.50% (up to $30),Unknown,2026-05-11,Yes,https://floridarevenue.com/taxes/taxesfees/Pages/sales_tax.aspx,llm
Hillsborough's Owner-Occupied Rehabilitation Program,FL,Hillsborough County,Grants,OWNER-OCCUPIED HOMES,This program offers financial assistance for low-income homeowners to help bring homes into compliance or make other necessary repairs.,"Owner-occupied required | Income-qualified | Eligible projects: bringing homes into compliance, other necessary repairs | Low-income homeowners (owner-occupied properties). [needs review: incentive_type unresolved; amount unspecified; expiry unknown; low confidence (0.60)]",See program page,Unknown,2026-05-11,Yes,https://www.hcpafl.org/Property-Info/Exemptions,llm
Hazard Mitigation Grant Program,USA,Federal,Grants,All,One of three federal mitigation grant programs administered by the Bureau of Mitigation to assist communities in reducing the impacts of disasters.,Administered by: Bureau of Mitigation [needs review: amount unspecified; expiry unknown],See program page,Unknown,2026-05-11,Yes,https://www.floridadisaster.org/dem/mitigation/,llm
Pre-Disaster Mitigation Program,USA,Federal,Grants,All,One of three federal mitigation grant programs administered by the Bureau of Mitigation to assist communities in reducing the impacts of disasters.,Administered by: Bureau of Mitigation [needs review: amount unspecified; expiry unknown],See program page,Unknown,2026-05-11,Yes,https://www.floridadisaster.org/dem/mitigation/,llm
Flood Mitigation Assistance Program,USA,Federal,Grants,All,One of three federal mitigation grant programs administered by the Bureau of Mitigation to assist communities in reducing the impacts of disasters.,Administered by: Bureau of Mitigation [needs review: amount unspecified; expiry unknown],See program page,Unknown,2026-05-11,Yes,https://www.floridadisaster.org/dem/mitigation/,llm
Hurricane Loss Mitigation Program,FL,Statewide,Grants,All,A state-funded mitigation grant program administered by the Bureau of Mitigation.,Administered by: Bureau of Mitigation [needs review: amount unspecified; expiry unknown],See program page,Unknown,2026-05-11,Yes,https://www.floridadisaster.org/dem/mitigation/,llm
My Safe Florida Home Program,FL,Statewide,Grants,All,Referenced program; for more information visit the linked site. It was re-enacted by the Florida Legislature and is currently housed under the Department of Financial Services.,Program re-enacted by the Florida Legislature; currently housed under the Department of Financial Services. The Division is unable to assist with inquiries regarding this program. | Administered by: Department of Financial Services [needs review: incentive_type unresolved; amount unspecified; expiry unknown],See program page,Unknown,2026-05-11,Yes,https://mysafeflhome.com/,llm
Weatherization Assistance Program,USA,Federal,Grants,HOMES,The U.S. Department of Energy (DOE) Weatherization Assistance Program (WAP) reduces energy costs for low-income households by increasing the energy efficiency of their homes and provides weatherization services using DOE funds.,"Income-qualified | Eligible projects: weatherization improvements and upgrades | Program is for low-income households. For information about the Weatherization Assistance Program, please visit the how to apply page. | Administered by: U.S. Department of Energy (DOE) [needs review: incentive_type unresolved; expiry unknown]",Households save on average $372 or more every year according to a national evaluation of the program.,Unknown,2026-05-11,Yes,https://www.energy.gov/scep/wap/weatherization-assistance-program,llm
Alternative Fuel Vehicle Refueling Property Credit — Individuals (residential),USA,Federal,Tax Credits,BIDIRECTIONAL CHARGING EQUIPMENT; CHARGING STATIONS FOR 2- AND 3-WHEELED ELECTRIC VEHICLES (FOR USE ON PUBLIC ROADS); ELECTRIC VEHICLE CHARGING EQUIPMENT; FUEL DISPENSER; FUEL STORAGE PROPERTY; PROPERTY USED TO STORE OR DISPENSE CLEAN-BURNING FUEL,"Federal tax credit for qualified alternative fuel vehicle refueling or recharging property installed at a taxpayer's main home. Applies to residential EV charging equipment and other qualified refueling property placed in service Jan 1, 2023–Jun 30, 2026.","Eligible projects: installation on property used as a main home, property placed in an eligible census tract, residential EV charger installation placed in service during the tax year | Property must be placed in service during the tax year; original use must begin with the taxpayer; used primarily in the U.S. and U.S. territories; must be in an eligible census tract (low-income community census tract or non-urban census tract) as determined by GEOID lists; credit is subject to recapture if property stops qualifying within 3 full years from placed-in-service date. | Administered by: Internal Revenue Service","30% (up to $1,000)",2026-06-30,2026-05-11,No,https://www.irs.gov/credits-deductions/alternative-fuel-vehicle-refueling-property-credit,llm
Alternative Fuel Vehicle Refueling Property Credit — Businesses and Organizations (standard),USA,Federal,Tax Credits,BIDIRECTIONAL CHARGING EQUIPMENT; CHARGING STATIONS FOR 2- AND 3-WHEELED ELECTRIC VEHICLES (FOR USE ON PUBLIC ROADS); ELECTRIC VEHICLE CHARGING EQUIPMENT; FUEL DISPENSER; FUEL STORAGE PROPERTY; PROPERTY USED TO STORE OR DISPENSE CLEAN-BURNING FUEL,"Federal tax credit for qualified alternative fuel vehicle refueling or recharging property placed in service for business or organizational use. Standard rate of 6% with per-item caps applies to property placed in service Jan 1, 2023–Jun 30, 2026.","Eligible projects: business or investment use installations (depreciable property), commercial EV charger installation placed in service during the tax year, property placed in an eligible census tract | Property must be placed in service during the tax year; original use must begin with the taxpayer; used primarily in the U.S. and U.S. territories; must be in an eligible census tract (low-income community census tract or non-urban census tract) as determined by GEOID lists; for business or investment use the property must be depreciable; portion of the credit for business or investment use is treated as a general business credit and subject to general business credit rules; basis of property must be reduced by amount of credit; credit is subject to recapture if property stops qualifying within 3 full years from placed-in-service date. | Administered by: Internal Revenue Service","6% (up to $100,000)",2026-06-30,2026-05-11,No,https://www.irs.gov/credits-deductions/alternative-fuel-vehicle-refueling-property-credit,llm
Alternative Fuel Vehicle Refueling Property Credit — Businesses and Organizations (prevailing wage and apprenticeship enhanced rate),USA,Federal,Tax Credits,BIDIRECTIONAL CHARGING EQUIPMENT; CHARGING STATIONS FOR 2- AND 3-WHEELED ELECTRIC VEHICLES (FOR USE ON PUBLIC ROADS); ELECTRIC VEHICLE CHARGING EQUIPMENT; FUEL DISPENSER; FUEL STORAGE PROPERTY; PROPERTY USED TO STORE OR DISPENSE CLEAN-BURNING FUEL,"Federal tax credit providing an enhanced 30% credit for qualified refueling or recharging property for businesses and organizations that satisfy prevailing wage and apprenticeship requirements, with a $100,000 per-item cap, for property placed in service Jan 1, 2023–Jun 30, 2026.","Eligible projects: business or investment use installations (depreciable property), commercial EV charger installation that satisfies prevailing wage and apprenticeship requirements, property placed in an eligible census tract | Enhanced 30% rate available only to businesses and organizations that meet prevailing wage and apprenticeship requirements; same geographic and placed-in-service requirements apply (eligible census tract, original use with taxpayer, used primarily in U.S. and territories); portion of the credit for business or investment use is treated as a general business credit; basis of property must be reduced by amount of credit; credit is subject to recapture if property stops qualifying within 3 full years from placed-in-service date. Tax-exempt and government entities can claim the credit through elective pay if they notify the seller in writing. | Administered by: Internal Revenue Service","30% (up to $100,000)",2026-06-30,2026-05-11,No,https://www.irs.gov/credits-deductions/alternative-fuel-vehicle-refueling-property-credit,llm
New Clean Vehicle Credit (Internal Revenue Code Section 30D),USA,Federal,Tax Credits,FUEL CELL ELECTRIC VEHICLE (FCV); NEW PLUG-IN ELECTRIC VEHICLE (EV); OTHER VEHICLES; PICKUP TRUCKS; SPORT UTILITY VEHICLES; VANS,"Federal tax credit for new qualified plug-in electric and fuel cell vehicles under IRC Section 30D, subject to battery, critical mineral, assembly, MSRP, and income requirements.","Income-qualified | Eligible projects: purchase of a new qualified vehicle (vehicle must be bought new and placed in service) | Must buy for own use (not for resale) and use primarily in the U.S.; modified adjusted gross income (AGI) must not exceed $300,000 (married filing jointly or surviving spouse), $225,000 (head of household), or $150,000 (all other filers) using AGI from the year of delivery or the prior year (whichever is less). Seller must report required information to buyer and to the IRS when buyer takes possession; dealer must provide a time-of-sale report. Vehicle must have battery capacity of at least 7 kWh, GVWR less than 14,000 pounds, be made by a qualified manufacturer, undergo final assembly in North America, and meet MSRP caps ($80,000 for vans/SUVs/pickups; $55,000 for other vehicles). For vehicles placed in service after Sept 30, 2025, the vehicle must have been acquired on or before Sept 30, 2025 (acquisition may be demonstrated by a binding written contract and making a payment on or before Sept 30, 2025). | Administered by: Internal Revenue Service (IRS)","Credit up to $7,500. For vehicles placed in-service Jan 1–Apr 17, 2023: $2,500 base plus $417 for a vehicle with at least 7 kWh battery capacity and $417 for each kWh beyond 5 kWh (minimum credit stated as $3,751 for 7 kWh). For vehicles placed in-service Apr 18, 2023 and after: credit up to $3,750 if vehicle meets the critical minerals requirement only; up to $3,750 if it meets the battery components requirement only; up to $7,500 if it meets both. A vehicle that doesn't meet either requirement is not eligible.",2025-09-30,2026-05-11,No,https://www.irs.gov/credits-deductions/credits-for-new-clean-vehicles-purchased-in-2023-or-after,llm
Used Clean Vehicle Credit,USA,Federal,Tax Credits,CAR; FUEL CELL VEHICLE (FCV); LIGHT TRUCK; PLUG-IN ELECTRIC VEHICLE (EV),"Federal tax credit for qualifying previously owned plug-in electric or fuel cell vehicles purchased from a licensed dealer. For vehicles acquired on or before Sept. 30, 2025, the credit is 30% of the sale price up to $4,000. The credit may be transferred to the dealer at time of sale or claimed on the buyer's tax return (file Form 8936). The credit is nonrefundable if not transferred.","Income-qualified | Eligible projects: purchase of a previously owned qualified EV or FCV from a licensed dealer | Must be an individual buyer (not for resale); not the original owner; not claimed as a dependent; not have claimed another used clean vehicle credit in the 3 years before the purchase date. Modified AGI limits: $150,000 for married filing jointly or surviving spouse; $112,500 for head of household; $75,000 for all other filers (use AGI from year of delivery or year before, whichever is less). Vehicle requirements: sale price $25,000 or less (includes dealer fees and certain accessories; excludes taxes and title/registration fees); model year at least 2 years earlier than calendar year of purchase; not previously transferred after Aug. 16, 2022 to a qualified buyer; gross vehicle weight rating under 14,000 pounds; battery capacity at least 7 kWh; for use primarily in the United States. Sale must be from a licensed dealer who provides required time-of-sale information and reports to the IRS; dealers must register online and report the information or the vehicle will not be eligible. Purchases made before 2023 do not qualify. Vehicles must be acquired on or before Sept. 30, 2025 (and placed in service) to be eligible; acquisition can be demonstrated by a binding written contract and payment on or before that date. | Administered by: Internal Revenue Service (IRS)","30% (up to $4,000)",2025-09-30,2026-05-11,No,https://www.irs.gov/credits-deductions/used-clean-vehicle-credit,llm
Down Payment Assistance Program,FL,Hillsborough County,Finance Solutions,PRIMARY RESIDENCE,"Pinellas County Down Payment Assistance Program provides assistance for down payment and closing costs for eligible homebuyers in unincorporated Pinellas County and eligible service areas, in the form of an interest-free, deferred loan up to $75,000.","Income-qualified | Eligible projects: closing costs, down payment, home purchase | Household must meet income eligibility requirements. All household income of people 18 years and older who will reside in the property must be included. Liquid assets cannot exceed $50,000. Purchase price must be $394,000 or less. Home must be your primary residence. Home must be located in unincorporated Pinellas or a city in an eligible service area. Note: St. Petersburg, Clearwater and Largo have their own down payment assistance programs. Applicants must complete an 8-hour HUD-approved homeownership class and 1-hour one-on-one counseling prior to closing. A HUD Uniform Physical Condition Standard inspection is required. | Administered by: Pinellas County Community Development [needs review: expiry unknown]","Up to $75,000",Unknown,2026-05-11,Yes,https://pinellas.gov/downpayment,llm
Down Payment Assistance Program,FL,Hillsborough County,Grants,All,"Down Payment Assistance Program — listed as OPEN with a date reference of December 1, 2025.","Listed as OPEN as of December 1, 2025 (no additional eligibility details provided). | Administered by: Pinellas County Community Development Division [needs review: incentive_type unresolved; amount unspecified; expiry unknown; low confidence (0.60)]",See program page,Unknown,2026-05-11,Yes,https://pinellas.gov/community-development-notices/,llm
Home Repair Program,FL,Hillsborough County,Grants,All,Home Repair Program — listed as CLOSED.,Listed as CLOSED (no additional eligibility details provided). | Administered by: Pinellas County Community Development Division [needs review: incentive_type unresolved; amount unspecified; expiry unknown],See program page,Unknown,2026-05-11,Yes,https://pinellas.gov/community-development-notices/,llm
Hurricane Home Repair Program,FL,Hillsborough County,Grants,All,Hurricane Home Repair Program — listed as CLOSED.,Listed as CLOSED (no additional eligibility details provided). | Administered by: Pinellas County Community Development Division [needs review: incentive_type unresolved; amount unspecified; expiry unknown],See program page,Unknown,2026-05-11,Yes,https://pinellas.gov/community-development-notices/,llm
Emergency Solutions Grant-Rapid Unsheltered Housing (ESG-RUSH) and Emergency Solutions Grant Programs,FL,Hillsborough County,Grants,All,"Notice of Funding Availability for ESG-RUSH and ESG programs; accepting applications beginning December 8, 2025 for agencies serving those experiencing or at risk of homelessness.","Eligible projects: services for individuals and families experiencing or at risk of homelessness | Pinellas County will begin accepting applications on December 8, 2025, from agencies supporting individuals and families experiencing or at risk of homelessness for ESG-RUSH and ESG programs. | Administered by: Pinellas County Community Development Division [needs review: amount unspecified; expiry unknown]",See program page,Unknown,2026-05-11,Yes,https://pinellas.gov/community-development-notices/,llm
2025 Local Contribution Match Application,FL,Hillsborough County,Finance Solutions,All,Local Contribution Match Application — availability of local government support funding for eligible affordable housing development projects to meet FHFC competitive application requirements.,Eligible projects: affordable housing development | Availability announced for local government support funding for eligible affordable housing development projects to meet FHFC Competitive Application Process RFA #2025-202 Housing Credit Financing. | Administered by: Pinellas County Community Development Division [needs review: expiry unknown],Local government support funding for eligible affordable housing development projects to meet criteria of the Florida Housing Finance Corporation (FHFC) Competitive Application Process RFA #2025-202 Housing Credit Financing.,Unknown,2026-05-11,Yes,https://pinellas.gov/community-development-notices/,llm
FY 2025-2026 State Housing Initiatives Partnership Program (SHIP) Funding,FL,Statewide,Grants,All,State SHIP funding allocation expected for FY 2025-2026; Pinellas County expects to receive specified funds and will accept applications for funded activities during the stated application window.,"Applications for FY 25-26 funded activities will be accepted between July 1, 2025, and June 30, 2028, or until all available funds are spent. | Administered by: Pinellas County Community Development Division","$3,841,730","June 30, 2028",2026-05-11,No,https://pinellas.gov/community-development-notices/,llm
FY 2024-2025 State Housing Initiatives Partnership Program (SHIP) Funding,FL,Statewide,Grants,All,State SHIP funding allocation expected for FY 2024-2025; Pinellas County expects to receive specified funds and will accept applications for funded activities during the stated application window.,"Applications for FY 2024-2025 funded activities will be accepted between September 28, 2024, and June 30, 2027, or until funds are spent. | Administered by: Pinellas County Community Development Division","$3,835,842","June 30, 2027",2026-05-11,No,https://pinellas.gov/community-development-notices/,llm
23-24 State Housing Initiatives Partnership (SHIP) Program,FL,Statewide,Grants,All,23-24 SHIP Program allocation expected; applications accepted for specified strategies and activities within stated window.,"Eligible projects: Homeownership, Rental, housing production, preservation | Applications accepted under Homeownership and Rental Strategies between August 7, 2023 and June 30, 2026, or until funds are spent. | Administered by: Pinellas County Community Development Division","$5,790,106","June 30, 2026",2026-05-11,No,https://pinellas.gov/community-development-notices/,llm
Pinellas County Housing Development Funding,FL,Hillsborough County,Grants,MIXED-INCOME RENTAL; OWNER HOUSING,Funding for mixed-income rental and owner housing development activities; application period ongoing until funds are depleted.,"Eligible projects: mixed-income rental, owner housing development | Application period ongoing until funds are depleted (no additional eligibility details provided). | Administered by: Pinellas County Community Development Division [needs review: incentive_type unresolved; expiry unknown]",The application period for mixed-income rental and owner housing development activities will continue on an ongoing basis until funds are depleted.,Unknown,2026-05-11,Yes,https://pinellas.gov/community-development-notices/,llm
Pinellas County Housing Trust Fund,FL,Hillsborough County,Grants,All,Pinellas County Community Housing Trust Fund — active and accepting applications on an ongoing basis until funds are depleted; RFQ process noted for administrators.,"Applications are accepted on an ongoing basis until funds are depleted. On an ongoing basis, applications are accepted from licensed professional service providers with the capability to administer housing programs available through Pinellas County; new organizations will need to submit the original RFQ document as instructed. | Administered by: Pinellas County Community Development Division [needs review: incentive_type unresolved; expiry unknown]",Pinellas County Community Housing Trust Fund application is open on an ongoing basis until funds are depleted.,Unknown,2026-05-11,Yes,https://pinellas.gov/community-development-notices/,llm
